refnum,sex,crefnum,question,age,weight
-2147483648,F,1000,-2147483648,4,1696.537051
-2147483648,M,2000,-2147483648,5,0.123456789012345
1,M,-2147483648,2,45,841.9098462
2,F,-2147483648,1,33,7.587573231
