refnum,sex,crefnum,question,age,weight
1,M,,2,45,841.9098462
2,F,,1,33,7.587573231
,F,1000,,4,1696.537051
,M,2000,,5,0.123456789012345
